{"cameraMode":{"drawMode":0,"name":"Shaded","section":"Shading Mode"},"sceneLighting":true,"audioPlay":false,"sceneViewState":{"showFog":true,"showMaterialUpdate":false,"showSkybox":true,"showFlares":true,"showImageEffects":true,"showParticleSystems":true},"in2DMode":false,"pivot":{"x":0.33351850509643557,"y":1.9545526504516602,"z":-1.2257676124572755},"rotation":{"x":-0.03692815825343132,"y":0.9399651288986206,"z":-0.10791753232479096,"w":-0.32164543867111208},"size":9.008234977722168,"orthographic":false}